{"obs mean": 0.0411205765428698, "obs var": 9.48867165006068, "rew mean": -154.63267813293146, "rew var": 11589.00304708348, "average return": -2976.163330078125, "_timestamp": 1693889743.136956, "_runtime": 24931.57650589943, "_step": 600, "_wandb": {"runtime": 24930}}