{"obs mean": 0.1594907663111851, "obs var": 3.730347061005676, "rew mean": 359.98369752493164, "rew var": 26932.630954201155, "average return": 4254.94970703125, "fallbacks prod": 0.031289293101852134, "_timestamp": 1693354665.701643, "_runtime": 21606.99492788315, "_step": 600, "fallbacks": 0.5003473155409097, "fallbacks2": 0.5002849477499723, "fallbacks3": 0.49974781354665754, "fallbacks4": 0.5002409835934639, "fallbacks5": 0.5000099092155695, "average base returns": 7.331370671590169, "max base return": 389.37371826171875, "_wandb": {"runtime": 21606}}