{"obs mean": 0.14006965688943498, "obs var": 3.490466926110664, "rew mean": 323.7306857652055, "rew var": 24797.977918632267, "average return": 2725.434326171875, "fallbacks prod": 0.03123789694033045, "_timestamp": 1693392466.2817426, "_runtime": 18540.21828365326, "_step": 600, "fallbacks": 0.4997289218359786, "fallbacks2": 0.49946531278471795, "fallbacks3": 0.5000823177933397, "fallbacks4": 0.5005228256802109, "fallbacks5": 0.5000109024438314, "average base returns": 127.87588946024577, "max base return": 1074.4744873046875, "_wandb": {"runtime": 18538}}