{"obs mean": 0.13573073572197375, "obs var": 3.3236794085201127, "rew mean": 216.96823244331986, "rew var": 7326.595954596412, "average return": 2417.66357421875, "fallbacks prod": 0.03128176179880163, "_timestamp": 1693414248.883281, "_runtime": 21778.739526987076, "_step": 600, "fallbacks": 0.500493405827207, "fallbacks2": 0.5002525809122461, "fallbacks3": 0.4998011436005211, "fallbacks4": 0.5000054658897701, "fallbacks5": 0.49995013434532637, "average base returns": 98.63473765055339, "max base return": 927.3924560546875, "_wandb": {"runtime": 21777}}