{"average base returns": -53.688621520996094, "max base return": -53.688621520996094, "_timestamp": 1689106614.5309932, "_runtime": 3.929821252822876, "_step": 0, "_wandb": {"runtime": 3}}