{"obs mean": 0.024775583945166307, "obs var": 9.994833128866551, "rew mean": -130.51651332687558, "rew var": 3798.5695823269093, "average return": -233.38742065429688, "_timestamp": 1693864771.9928243, "_runtime": 32.397064208984375, "_step": 0, "_wandb": {"runtime": 55}}