{"obs mean": 0.18647178707653608, "obs var": 3.3972141666253797, "rew mean": 295.02110648492794, "rew var": 25013.690644362465, "average return": 1834.1243896484375, "fallbacks prod": 0.03132691052225585, "_timestamp": 1693434869.1710281, "_runtime": 20616.080631256104, "_step": 600, "fallbacks": 0.4998866441282916, "fallbacks2": 0.5004245011933731, "fallbacks3": 0.500253334275274, "fallbacks4": 0.5005386779162025, "fallbacks5": 0.5001262900436804, "average base returns": 143.66953786214194, "max base return": 1439.7139892578125, "_wandb": {"runtime": 20614}}