{"obs mean": 0.029018400423644296, "obs var": 7.2383767346727845, "rew mean": -177.87538512215735, "rew var": 8025.863015047435, "average return": -384.4911193847656, "_timestamp": 1693927223.6666102, "_runtime": 16345.454311132431, "_step": 401}