{"obs mean": 0.12416885445808495, "obs var": 3.1162891585566825, "rew mean": 241.63797418491606, "rew var": 9207.988899322312, "average return": 2920.789306640625, "fallbacks prod": 0.031220050421006066, "_timestamp": 1693373921.4194398, "_runtime": 19248.997485876083, "_step": 600, "fallbacks": 0.4995935818642378, "fallbacks2": 0.49967145246863365, "fallbacks3": 0.5001230710238218, "fallbacks4": 0.4998698216229677, "fallbacks5": 0.50026236294806, "average base returns": 185.1597112019857, "max base return": 1236.2623291015625, "_wandb": {"runtime": 19247}}