{"obs mean": 0.040114186218198816, "obs var": 9.983525748693395, "rew mean": -160.7390371481463, "rew var": 10067.155010456578, "average return": -81.004150390625, "_timestamp": 1693910874.4137757, "_runtime": 21127.23918557167, "_step": 600, "_wandb": {"runtime": 21125}}